2020-01-01,CT,3,0,3,1,22,-13,2,15,-3,4
2020-01-02,CK,7,6,-2,-3,6,-7,4,1,-4,-4
2020-01-03,CO,3,0,11,9,-2,-9,2,-10,8,-6
2020-01-04,BY,-6,6,14,-3,17,17,-17,0,5,-10
2020-01-05,AN,2,-9,4,-4,0,-12,4,-21,28,1
2020-01-06,BJ,-1,-8,6,-3,0,3,7,-3,-19,8
2020-01-07,AH,-1,-1,4,23,-27,-8,-4,6,6,-11
2020-01-08,BJ,15,2,7,9,7,-20,-9,9,4,-19
2020-01-09,BS,7,17,10,-1,2,15,1,2,-1,6
2020-01-10,BZ,-11,-4,7,-17,16,-1,3,-1,6,-7
2020-01-11,AZ,-1,-7,1,-4,8,17,-3,1,0,-8
2020-01-12,AI,11,-1,3,-5,0,-1,22,-6,2,-5
2020-01-13,BR,7,-6,0,1,-9,2,-2,2,14,0
2020-01-14,BY,-10,-8,0,4,1,3,13,4,-20,3
2020-01-15,AK,-3,-21,16,13,-16,2,1,0,-1,20
2020-01-16,BM,11,-5,8,-3,-6,4,10,-17,-17,14
2020-01-17,DC,11,4,-6,-5,2,-18,0,-13,-6,9
2020-01-18,DE,-10,8,6,-17,16,-12,8,7,0,-6
2020-01-19,AE,1,-1,6,-5,-29,7,12,13,0,12
2020-01-20,BV,8,8,5,-5,15,-3,4,-9,-5,0
2020-01-21,CL,4,6,7,14,-5,-5,10,7,10,9
2020-01-22,BR,13,11,0,2,2,26,-10,8,-8,-10
2020-01-23,DR,7,2,-1,12,-31,-7,5,-6,10,4
2020-01-24,AG,8,0,0,0,-7,-4,-13,9,3,-17
2020-01-25,CO,6,14,13,7,1,-3,-5,10,10,0
2020-01-26,CZ,-11,4,-3,0,13,5,-7,-5,-12,-4
2020-01-27,CS,-6,11,-9,23,-7,17,-6,-4,8,-6
2020-01-28,CD,2,-2,4,-1,0,-7,13,6,0,-3
2020-01-29,CW,0,-18,3,0,16,4,5,-2,1,4
2020-01-30,CF,9,2,-21,-6,-12,3,4,-8,14,13
2020-01-31,CQ,-4,-9,-7,3,4,-2,10,-12,5,-30
2020-02-01,AK,-3,2,0,-13,9,-11,-24,3,-14,10
2020-02-02,BJ,7,11,-11,0,3,13,-1,-2,1,3
2020-02-03,DM,16,9,1,2,8,-14,6,-6,10,9
2020-02-04,CH,0,-5,6,3,1,2,8,-7,19,-7
2020-02-05,AG,10,4,-8,-6,13,-2,5,-1,-4,0
2020-02-06,BE,1,3,-12,0,3,-6,8,-15,-6,-8
2020-02-07,CA,16,-2,8,10,-3,-7,1,-12,2,0
2020-02-08,CC,17,21,-17,-4,-10,11,1,4,13,-16
2020-02-09,BY,5,11,-1,22,-12,0,6,0,-16,14
2020-02-10,CI,-9,11,-1,9,-5,0,-14,6,-3,11
2020-02-11,DV,18,-12,-12,3,0,-7,2,16,-2,7
2020-02-12,BZ,-4,12,-2,3,-6,3,-11,16,-1,4
2020-02-13,AQ,10,12,-9,-17,-1,11,8,-18,4,-1
2020-02-14,AQ,1,-11,9,-18,4,-12,0,5,8,-4
2020-02-15,DR,14,2,-4,-16,3,-4,3,6,11,6
2020-02-16,CC,6,1,1,-10,3,0,-3,-24,-2,2
2020-02-17,AK,14,-11,-10,8,1,0,0,-4,17,-1
2020-02-18,AQ,-1,-16,1,12,-16,-7,3,5,4,15
2020-02-19,BH,10,-4,17,-2,-1,2,24,21,-10,-11
2020-02-20,CE,-4,-2,2,-3,-2,9,0,-12,-13,8
2020-02-21,BF,-3,10,-2,4,-16,7,-11,6,-2,7
2020-02-22,CZ,-10,8,7,-3,14,3,0,-18,17,2
2020-02-23,BG,-2,-4,-6,-2,1,10,-13,2,-3,2
2020-02-24,BV,-3,-2,3,-3,-9,0,-11,0,8,1
2020-02-25,AX,-10,-11,-11,1,1,-15,10,-3,20,-2
2020-02-26,BG,-1,-2,-7,-1,7,-13,5,-1,-18,-13
2020-02-27,DM,-1,-7,-5,-3,0,-16,0,-3,9,20
2020-02-28,BF,10,-5,-5,10,5,0,-11,0,-12,-2
2020-02-29,DH,-5,2,-13,-8,10,8,-5,5,19,-14
2020-03-01,AV,-5,-5,-9,0,4,0,-8,-14,3,-6
2020-03-02,BG,-5,24,-6,9,8,11,24,7,-8,-6
2020-03-03,CS,4,-9,-3,-3,2,-15,-2,21,7,-5
2020-03-04,BQ,7,13,-6,-5,-4,4,14,-9,5,-14
2020-03-05,AJ,6,10,10,12,-14,12,-6,-2,1,-2
2020-03-06,BW,10,17,-2,-6,6,6,0,1,12,11
2020-03-07,BD,-6,3,5,-12,-4,4,8,-18,5,-3
2020-03-08,AX,12,6,6,-6,-3,-10,1,0,-7,-8
2020-03-09,DB,0,9,8,-3,3,-6,-6,0,-4,-11
2020-03-10,CX,-3,18,6,14,9,3,-9,3,7,-8
2020-03-11,AI,-15,1,-4,-6,0,-3,-19,7,-11,5
2020-03-12,DR,-6,-7,0,1,-3,-1,8,3,-4,0
2020-03-13,BJ,0,-3,-12,0,9,-14,-4,-12,10,12
2020-03-14,AZ,4,8,6,4,-13,7,2,-8,1,-2
2020-03-15,DU,-6,1,-1,9,-8,24,9,-7,-26,-5
2020-03-16,DB,-2,14,-10,-5,-16,7,8,5,0,-4
2020-03-17,CY,11,-1,-10,4,-4,12,0,-4,-15,-2
2020-03-18,DN,2,-4,5,-2,-8,2,13,-1,0,-1
2020-03-19,AZ,-10,7,0,17,-6,10,3,-13,-1,-4
2020-03-20,AO,13,-9,10,-8,2,6,-23,11,14,2
2020-03-21,CJ,12,0,14,-7,3,-6,-6,19,12,-1
2020-03-22,BE,2,7,-10,-4,-20,0,-8,13,7,-22
2020-03-23,AO,-9,-2,-2,-9,14,-1,16,-1,8,5
2020-03-24,DD,29,15,-1,1,2,-13,-17,15,-15,-14
2020-03-25,AQ,11,0,-14,-3,-7,10,5,5,0,20
2020-03-26,BU,0,3,-6,-2,-1,-5,18,-14,1,10
2020-03-27,AA,-8,-5,1,2,16,5,6,4,4,1
2020-03-28,DC,17,-3,-10,-6,-10,-5,6,-8,4,-2
2020-03-29,CR,-7,-15,-23,-14,-27,11,-1,-16,3,3
2020-03-30,BU,10,26,4,1,12,13,0,12,0,21
2020-03-31,AP,9,10,-4,-11,-2,7,12,-13,-5,-14
2020-04-01,BK,-3,-4,0,0,-14,-19,-3,-14,2,18
2020-04-02,CC,0,-22,7,-4,14,12,3,12,-2,-3
2020-04-03,BP,-15,3,-4,-3,-12,-3,-13,5,7,-9
2020-04-04,AI,-6,-5,-7,21,-7,20,-13,1,13,5
2020-04-05,AC,-3,0,3,0,-3,1,0,-11,3,1
2020-04-06,BJ,-18,0,-8,-14,-8,-8,-1,-2,5,-22
2020-04-07,AC,9,-10,-12,-13,-14,0,0,1,-10,-4
2020-04-08,AZ,8,-5,-19,15,-3,-2,-5,19,6,-4
2020-04-09,CD,-1,18,-2,-2,-15,-14,9,-22,-12,-4
2020-04-10,CF,11,-30,-7,15,-19,-3,3,-2,2,-12
2020-04-11,DA,0,5,-7,-7,-17,8,4,5,2,2
2020-04-12,CH,-23,-14,5,3,-11,-10,-1,-12,0,-7
2020-04-13,DL,17,8,-13,-8,-13,-9,-2,8,-3,13
2020-04-14,CG,3,-5,25,6,26,-7,-13,14,-3,-7
2020-04-15,DC,1,5,8,-14,-4,4,7,10,-9,-12
2020-04-16,AR,-7,-17,2,-9,7,-6,7,20,5,10
2020-04-17,BD,19,6,-4,-5,9,-8,17,-16,-18,-11
2020-04-18,AI,0,5,3,-9,6,-19,6,-2,8,-1
2020-04-19,CQ,13,0,-12,-10,8,-4,4,-13,-2,6
2020-04-20,CU,13,-10,-7,-2,9,14,12,4,3,3
2020-04-21,CE,15,-13,-24,0,10,0,-4,20,-8,2
2020-04-22,DP,3,1,-10,0,-5,8,-6,-7,3,-17
2020-04-23,BX,21,2,-10,-2,9,-6,2,-11,14,-6
2020-04-24,DL,-7,-30,-1,-5,-17,-6,8,-3,4,-4
2020-04-25,DO,-5,-19,-1,6,-10,-9,10,-16,20,1
2020-04-26,BQ,-2,-2,20,-4,-9,9,22,-11,0,-7
2020-04-27,CW,9,0,5,1,-8,6,1,-4,10,0
2020-04-28,CN,-8,-3,-10,-8,7,-8,11,2,9,6
2020-04-29,CY,2,10,2,-1,-23,9,1,-9,-8,9
2020-04-30,DH,1,0,27,3,-12,4,16,0,13,14
2020-05-01,DQ,-10,-2,9,-11,-8,10,-7,8,-3,12
2020-05-02,CO,4,10,0,0,5,-13,7,22,11,-7
2020-05-03,AN,-5,-3,18,-4,-22,10,0,0,5,7
2020-05-04,CM,-13,12,11,-3,3,-9,-5,-2,5,-1
2020-05-05,DS,5,2,16,-7,7,-1,15,6,-7,1
2020-05-06,BX,1,-8,15,9,21,-16,-7,0,-11,8
2020-05-07,AK,-7,8,-12,11,15,-13,3,-8,0,-21
2020-05-08,DE,10,6,-14,-10,2,-6,4,-14,0,2
2020-05-09,DK,5,-4,8,-4,-11,9,0,8,15,0
2020-05-10,CK,2,-5,9,-8,-21,-5,-3,0,-2,-7
2020-05-11,AL,4,-16,-9,7,-26,7,-17,9,2,-12
2020-05-12,BE,2,2,-1,4,10,-11,8,-15,-15,7
2020-05-13,DQ,9,10,2,-11,5,0,21,18,-10,9
2020-05-14,CB,-9,-10,-3,8,-30,-5,9,14,4,-11
2020-05-15,AD,-2,2,1,9,11,-3,2,-2,-2,-5
2020-05-16,AS,4,0,0,-8,-9,5,5,8,7,4
2020-05-17,BB,7,7,11,-18,3,14,-14,2,-8,-17
2020-05-18,DN,-10,0,-12,15,-2,0,-9,-13,12,12
2020-05-19,BR,-13,12,9,4,-11,-6,-3,3,0,-4
2020-05-20,CQ,18,-1,0,4,0,9,-3,-3,5,9
2020-05-21,DK,-5,9,-12,7,-10,-5,13,-2,-5,0
2020-05-22,AL,3,-1,14,6,28,0,-8,9,2,-20
2020-05-23,DB,7,-4,-3,0,8,-9,7,21,-13,-6
2020-05-24,CN,7,14,-2,12,8,-2,0,15,21,-8
2020-05-25,CI,15,-18,-7,9,-7,-8,6,0,-5,4
2020-05-26,BW,-7,17,-5,0,13,-28,-4,1,2,6
2020-05-27,BE,-11,0,-16,-5,4,4,-4,5,0,2
2020-05-28,BF,-9,0,-15,8,21,-4,1,-20,18,-8
2020-05-29,BQ,-8,-15,0,-6,9,8,-2,7,0,-10
2020-05-30,BM,0,3,-5,14,14,5,-14,14,2,8
2020-05-31,CE,5,-7,9,15,-11,13,1,9,27,-13
2020-06-01,CT,7,3,1,3,-9,-9,-11,0,-10,-6
2020-06-02,DN,-15,18,0,-6,-11,8,3,5,-4,-2
2020-06-03,AV,11,-18,-15,9,6,5,-9,12,-17,-10
2020-06-04,BX,9,-10,6,18,-4,-6,-15,1,0,4
2020-06-05,DU,8,4,13,5,-8,7,-8,-15,8,7
2020-06-06,DO,-7,12,0,27,2,11,-16,6,18,-7
2020-06-07,AG,-10,21,3,-6,-11,-3,-3,-6,17,0
2020-06-08,AP,0,-12,-2,9,3,12,-5,7,21,10
2020-06-09,AH,-7,14,12,-2,-6,8,8,9,6,25
2020-06-10,CM,7,5,-2,-7,-2,-5,-8,-8,-5,-12
2020-06-11,AB,0,9,3,-3,-3,2,0,-7,1,-4
2020-06-12,CW,-6,1,-5,-5,-8,-15,2,-2,-20,9
2020-06-13,DH,-8,-21,0,4,8,12,5,17,0,-6
2020-06-14,AP,-9,-12,1,0,12,11,-14,17,-4,2
2020-06-15,AO,1,-1,5,5,2,-12,-16,-7,0,4
2020-06-16,AB,-10,3,-1,13,4,-6,14,-10,-1,1
2020-06-17,CD,0,-5,7,0,-7,17,16,5,-4,2
2020-06-18,AP,11,-6,-27,-1,-1,1,14,20,-23,3
2020-06-19,AN,-4,-7,8,-14,7,-8,10,0,-4,2
2020-06-20,DL,9,0,15,8,-24,7,0,6,4,6
2020-06-21,AF,-2,-12,11,-9,-3,-8,10,-19,3,-5
2020-06-22,DP,-8,-4,4,5,11,-21,-4,-2,16,-3
2020-06-23,AM,13,9,10,1,2,-5,-11,-23,20,-3
2020-06-24,BM,7,-5,-9,-6,-26,-1,-2,10,19,6
2020-06-25,AB,-8,-6,-4,-16,-9,-2,-5,-14,-35,-2
2020-06-26,DD,-12,-1,7,-4,6,11,-3,10,0,-14
2020-06-27,DK,-4,5,17,-1,12,-15,-1,-9,-16,0
2020-06-28,DP,-6,8,-1,-2,5,-12,8,7,-2,-6
2020-06-29,BH,-3,-5,16,-6,2,3,-3,9,-9,8
2020-06-30,BA,0,-13,-3,10,-5,-3,-8,12,17,-6
2020-07-01,AU,-2,-8,-15,-8,-7,-7,10,7,2,8
2020-07-02,DS,6,0,5,-6,20,4,-2,-17,10,-4
2020-07-03,AR,-8,-13,9,-5,13,-3,0,-14,-5,-1
2020-07-04,AA,-5,0,0,-4,-10,-10,-8,2,-7,26
2020-07-05,AD,3,-3,0,6,-9,0,-3,-10,-3,-17
2020-07-06,AZ,11,-6,-10,-2,7,7,2,15,24,-5
2020-07-07,DK,17,11,-12,0,3,2,2,-2,11,-1
2020-07-08,CA,0,6,10,-1,4,-2,3,1,-1,0
2020-07-09,CO,4,0,-1,-4,22,2,-13,-6,-8,-8
2020-07-10,BS,19,-3,25,-4,-7,-4,-1,14,6,2
2020-07-11,BJ,-2,-12,9,19,0,-25,5,-1,2,3
2020-07-12,AA,10,14,4,13,-10,-16,-8,7,-3,-11
2020-07-13,BK,-4,5,-10,-1,-6,-9,7,-2,-17,-1
2020-07-14,DG,-5,-32,-3,-16,-12,4,20,-5,19,-10
2020-07-15,CT,-6,19,-7,-6,17,5,-6,-5,-8,-8
2020-07-16,BN,-6,10,3,-1,20,-3,-9,5,5,1
2020-07-17,CB,-5,-6,3,-16,-5,-7,11,13,6,3
2020-07-18,AW,6,-8,13,4,3,3,21,-6,8,-8
2020-07-19,DA,-2,20,8,8,-16,0,11,-15,-8,-12
2020-07-20,DA,21,-18,11,-14,0,10,1,-2,-7,-5
2020-07-21,BH,-10,0,-9,-3,4,-7,-3,21,13,1
2020-07-22,AL,-9,4,8,1,0,-18,2,-14,9,-5
2020-07-23,AI,-2,-4,4,13,2,-10,-2,1,-14,1
2020-07-24,DN,14,-3,-15,-4,7,-4,-20,-17,-5,4
2020-07-25,DD,-6,13,11,-26,-13,-19,-6,-2,3,3
2020-07-26,CY,7,18,2,21,8,-4,8,2,5,-2
2020-07-27,BL,4,21,9,-8,6,-17,-19,2,4,7
2020-07-28,AQ,15,12,-4,3,-6,-6,1,5,-6,0
2020-07-29,DI,-6,2,0,19,1,4,4,-1,0,-20
2020-07-30,DF,24,1,4,3,-6,0,0,-9,-7,1
2020-07-31,DR,19,-17,0,3,7,-2,-2,0,10,7
2020-08-01,BY,6,2,-2,11,10,-4,25,-14,-3,2
2020-08-02,DG,0,-11,14,-6,11,17,-18,-14,-7,-2
2020-08-03,CZ,8,-9,-11,-6,-6,-2,8,-5,-11,12
2020-08-04,CA,6,-4,4,29,-1,-5,14,17,14,1
2020-08-05,BP,-30,0,-20,-3,-2,6,-5,-15,5,2
2020-08-06,BY,-16,-8,-6,-8,2,-7,0,-3,1,11
2020-08-07,CV,-5,1,-1,3,-3,4,0,-9,-3,2
2020-08-08,AO,-2,13,7,-5,11,-7,-7,3,5,5
2020-08-09,BJ,-3,0,-3,-4,-7,-5,-20,10,-1,-10
2020-08-10,DH,-16,2,12,1,11,0,13,5,-8,-5
2020-08-11,AA,-7,13,5,-6,-15,8,13,4,-11,0
2020-08-12,AW,-2,-3,8,15,5,3,5,4,-4,-9
2020-08-13,BL,16,15,1,2,-6,0,-5,0,-21,-3
2020-08-14,DM,-4,-21,-8,1,-4,-8,7,14,2,0
2020-08-15,BG,2,3,5,-10,19,-11,2,23,-3,6
2020-08-16,BD,-3,-3,6,-13,1,3,15,8,-12,4
2020-08-17,BJ,7,24,12,4,3,10,3,3,-7,8
2020-08-18,BS,2,-5,7,7,-13,8,4,0,-4,-1
2020-08-19,BA,0,-4,-1,15,1,-3,4,7,4,0
2020-08-20,CF,-13,-6,-3,-2,13,2,8,-9,-16,7
2020-08-21,AL,16,3,4,1,4,-7,-6,-15,15,-3
2020-08-22,BT,7,19,-14,8,-18,13,3,0,9,-13
2020-08-23,CW,6,-8,7,14,-3,6,6,-21,-13,-16
2020-08-24,AR,0,-13,2,9,17,12,11,4,-4,12
2020-08-25,AN,-1,8,-3,0,16,3,3,5,-12,3
2020-08-26,AC,-10,-11,-11,-8,5,5,9,4,11,2
2020-08-27,BL,-23,2,6,-14,2,2,0,-15,4,10
2020-08-28,DB,-2,-18,0,3,17,-1,1,-12,-5,1
2020-08-29,CH,0,0,-5,-12,0,-9,-9,0,-11,-12
2020-08-30,DT,-9,-2,-12,-9,14,-12,-6,0,7,-5
2020-08-31,CT,3,-9,5,5,2,11,7,-4,19,1
2020-09-01,CR,-3,-3,3,1,8,1,24,4,-10,-14
2020-09-02,CR,2,3,13,4,8,18,-5,-10,-15,12
2020-09-03,DQ,4,-3,3,-19,-9,9,26,7,2,-3
2020-09-04,DC,-2,-7,-1,-24,-2,18,-1,12,-23,1
2020-09-05,DO,-18,23,10,-4,-10,-13,-4,0,0,15
2020-09-06,DL,11,-5,12,-5,-16,-3,8,-6,11,-2
2020-09-07,BM,10,-7,3,-1,-4,-8,14,16,1,-13
2020-09-08,CC,2,13,-4,0,5,-12,-6,-8,-10,-8
2020-09-09,BJ,12,-15,7,1,-12,-10,-3,5,-1,-6
2020-09-10,CF,-16,-13,-4,11,-3,-4,16,-7,-20,-13
2020-09-11,DE,10,-19,-3,10,-3,-2,-7,1,-9,-10
2020-09-12,CX,-14,-4,0,2,8,10,12,-2,16,-9
2020-09-13,AF,5,6,17,-4,-14,-4,-6,-3,-17,12
2020-09-14,CM,-8,-18,-2,0,3,-4,-4,-9,13,-4
2020-09-15,CD,0,4,-5,7,9,14,9,-6,-8,-14
2020-09-16,AH,-1,4,-18,9,1,-1,18,-2,-4,5
2020-09-17,CQ,16,9,20,-4,-17,13,-5,-1,-11,-23
2020-09-18,DG,4,8,9,0,2,-10,11,11,-11,4
2020-09-19,AL,7,-16,-5,-3,-6,-12,-4,-18,-10,-6
2020-09-20,CJ,7,-11,18,-8,13,0,4,-21,11,-5
2020-09-21,DC,-26,0,-7,6,1,-2,15,-3,-14,13
2020-09-22,DM,21,16,-10,-1,5,-3,7,-3,-4,5
2020-09-23,DC,3,-5,6,8,29,-10,3,3,1,-4
2020-09-24,BO,22,-12,3,-9,7,-13,-12,7,-8,15
2020-09-25,DQ,23,0,-2,-13,0,-15,0,1,-11,0
2020-09-26,AT,0,-17,13,17,5,-14,27,-1,10,-6
2020-09-27,CV,-2,18,0,-19,12,6,-5,5,-11,14
2020-09-28,AA,22,15,-9,-8,4,-14,0,0,3,-7
2020-09-29,AE,-12,14,-13,-6,-3,-7,0,-22,0,-12
2020-09-30,CM,-2,-15,1,0,-9,9,1,0,5,-2
2020-10-01,AV,1,-5,7,-14,-3,-9,0,12,1,4
2020-10-02,CW,15,-13,2,-10,2,-7,-3,-14,1,0
2020-10-03,BN,0,-8,-19,-3,-1,-4,-2,3,0,-10
2020-10-04,DJ,-2,-8,-9,-6,-5,-24,0,0,-14,-6
2020-10-05,CB,-8,7,7,-12,4,-15,11,-3,-6,3
2020-10-06,BA,-2,-9,10,6,-4,6,-6,-12,10,0
2020-10-07,DV,10,-1,-15,11,11,-4,16,8,6,-27
2020-10-08,BM,-3,2,10,10,7,0,2,-2,2,-1
2020-10-09,AA,6,15,19,14,-4,0,11,-1,-9,17
2020-10-10,DS,12,-4,-16,4,2,-5,-4,3,9,3
2020-10-11,BN,-1,0,22,-7,0,0,-4,-3,1,12
2020-10-12,AD,-3,0,-8,-2,6,13,-1,27,0,-11
2020-10-13,AF,-4,-10,0,0,-2,-6,-3,-17,-1,-4
2020-10-14,CG,-5,4,-3,-2,8,-4,-13,-7,3,17
2020-10-15,BQ,-7,-13,6,11,-13,1,-5,-8,-11,-8
2020-10-16,BG,9,11,-7,-14,2,1,8,5,10,13
2020-10-17,BU,19,1,-3,2,-12,9,7,-6,-12,2
2020-10-18,CS,-6,3,0,-6,16,-10,12,2,-4,-1
2020-10-19,AS,9,-15,-2,-3,-13,-1,28,-9,0,1
2020-10-20,AY,12,9,6,0,15,-8,0,-14,5,15
2020-10-21,BG,11,4,-16,-2,-7,2,-7,-13,-26,-3
2020-10-22,AM,1,-6,-11,5,13,1,5,-4,16,2
2020-10-23,CP,0,9,8,6,-9,-2,7,7,14,5
2020-10-24,AU,-9,0,0,2,-14,-4,-2,-4,16,-1
2020-10-25,BJ,26,6,10,-16,-3,-11,7,32,7,-8
2020-10-26,AG,0,-10,-16,5,9,4,18,-5,-6,-3
2020-10-27,CD,-16,14,10,0,-9,-3,-2,0,9,10
2020-10-28,AP,-2,0,3,18,0,-9,5,-5,-3,-13
2020-10-29,CP,-15,-14,-18,-9,18,0,-17,16,13,17
2020-10-30,BZ,3,0,-2,4,24,-25,11,25,18,9
2020-10-31,AQ,2,-19,-1,15,-2,5,17,9,1,17
2020-11-01,BW,34,-15,-5,6,16,-22,-10,0,3,-15
2020-11-02,BK,4,13,-13,-9,2,-2,4,-1,-8,9
2020-11-03,DV,22,-5,0,-17,1,16,-13,24,-12,6
2020-11-04,DE,-1,-9,-8,-4,14,3,13,-7,6,-12
2020-11-05,AA,8,14,23,-3,-2,7,11,-1,6,19
2020-11-06,DE,-6,4,2,-8,15,1,6,15,7,-2
2020-11-07,AE,19,10,-5,-2,-3,1,7,-2,-5,7
2020-11-08,AW,5,-3,5,17,-9,-11,-16,7,3,-4
2020-11-09,AV,-1,-7,-3,1,16,-4,-14,6,0,-11
2020-11-10,CP,3,-9,11,3,-11,14,5,7,-4,13
2020-11-11,CL,-4,7,0,21,1,-12,-1,-9,-5,6
2020-11-12,BQ,0,0,-4,0,1,-19,13,-6,0,-2
2020-11-13,BL,0,-5,3,10,13,6,-7,-16,4,2
2020-11-14,AA,5,11,0,1,-6,2,-11,-2,-1,-7
2020-11-15,BP,19,-3,1,10,15,-15,-25,-13,-11,0
2020-11-16,AB,-4,23,1,-11,-4,8,3,5,6,6
2020-11-17,DM,18,7,8,-9,11,-5,-11,7,-10,0
2020-11-18,AL,13,6,4,-1,-1,-3,-10,6,2,0
2020-11-19,AI,-34,2,-11,-4,16,2,1,-8,7,0
2020-11-20,AL,-6,15,10,-2,-11,16,5,15,0,15
2020-11-21,BC,-4,20,1,19,10,9,5,0,-3,-19
2020-11-22,BC,0,10,13,-10,8,-34,-10,0,6,-18
2020-11-23,BM,-3,-2,-16,2,-8,-17,3,1,-6,-17
2020-11-24,CW,-3,-1,9,13,0,-8,0,19,-10,0
2020-11-25,BA,5,16,-7,-1,-11,1,10,4,4,0
2020-11-26,CD,18,-10,0,1,-8,-6,2,-4,-3,-12
2020-11-27,AR,2,21,11,19,-2,-11,-11,8,-12,-8
2020-11-28,CR,15,-5,0,-9,2,4,18,-5,13,-1
2020-11-29,BS,7,-13,-12,4,6,16,4,-6,-5,-2
2020-11-30,DM,9,2,16,-2,-12,-2,13,7,-2,-7
2020-12-01,AE,-6,1,-5,4,-24,-6,9,8,8,5
2020-12-02,CM,-1,0,-11,-3,13,-16,6,-8,5,22
2020-12-03,BC,5,14,-3,11,7,7,26,10,10,-12
2020-12-04,AK,15,0,-9,-4,-2,-7,9,6,15,-23
2020-12-05,DI,-6,-7,11,-8,5,0,-9,-4,-3,10
2020-12-06,BC,6,11,5,-10,11,21,-23,-11,-13,2
2020-12-07,AT,20,-5,11,7,3,-7,5,-2,-6,-5
2020-12-08,CU,-1,20,7,2,-5,-10,11,5,-1,11
2020-12-09,BN,-17,3,3,16,1,5,-9,-4,5,3
2020-12-10,CF,0,23,-3,-26,10,-7,14,0,7,9
2020-12-11,BB,-2,8,0,2,-2,13,-13,-7,-5,-1
2020-12-12,CA,1,-2,5,-5,0,-1,-8,5,-5,2
2020-12-13,AS,-1,-3,7,-4,0,5,-6,1,-2,-1
2020-12-14,AD,13,-21,-2,19,-6,-29,-12,-14,-14,-4
2020-12-15,BM,5,10,1,0,-8,5,-11,1,13,5
2020-12-16,CX,-8,-3,8,0,-13,-15,4,-1,-10,0
2020-12-17,DC,-2,7,4,9,-8,-19,-5,9,-1,4
2020-12-18,DL,0,-2,11,-4,1,16,-14,5,-14,20
2020-12-19,CD,8,0,-2,0,15,5,1,12,-14,-8
2020-12-20,AT,-7,3,15,-1,0,-3,3,0,16,2
2020-12-21,BG,-2,10,-6,1,0,-7,1,-5,-9,2
2020-12-22,CN,0,-16,12,7,0,-5,-10,-11,-4,-14
2020-12-23,CZ,-9,8,7,12,13,-16,-10,1,6,-3
2020-12-24,AH,6,7,5,-6,-1,6,-16,-5,-6,-4
2020-12-25,AX,0,-3,12,-5,-15,-9,1,-7,-3,5
2020-12-26,DB,5,-23,14,-14,-5,14,-2,2,5,11
2020-12-27,CC,16,2,24,-19,3,6,4,5,4,5
2020-12-28,CS,-25,1,0,0,-19,3,3,7,-5,0
2020-12-29,CK,-1,6,14,7,5,1,-7,8,9,11
2020-12-30,DJ,4,2,0,-11,2,-4,-6,-7,-8,-18
2020-12-31,AH,-3,-3,-13,10,5,9,4,3,1,-8
2021-01-01,DG,19,-8,-2,25,-3,16,14,-20,7,0
2021-01-02,AA,15,9,-4,18,9,11,3,-19,22,14
2021-01-03,DL,-2,-21,5,9,16,10,-1,3,-12,6
2021-01-04,CF,-9,-8,6,11,-8,4,8,0,-1,-3
2021-01-05,CX,11,8,4,4,10,-6,16,8,4,7
2021-01-06,BT,2,-1,12,7,-2,-8,2,21,-7,-4
2021-01-07,DS,13,-5,-9,-6,-33,-9,1,0,5,-7
2021-01-08,AL,-4,-2,9,-4,16,-3,5,11,-3,7
2021-01-09,CH,7,-7,12,1,-8,-10,5,-6,0,1
2021-01-10,BB,15,-8,-2,3,2,-10,3,7,-6,-9
2021-01-11,DK,3,-5,12,0,-5,19,22,11,-23,4
2021-01-12,DC,-14,-11,-6,0,3,5,-5,-2,-4,3
2021-01-13,DF,16,-10,10,15,9,4,-2,0,0,-6
2021-01-14,DD,4,14,-1,-16,-1,12,0,-7,12,-1
2021-01-15,DM,9,-7,2,3,-7,0,-27,3,15,-7
2021-01-16,CH,-6,9,2,10,6,-7,-7,31,-13,5
2021-01-17,DL,12,4,4,-5,18,-10,-3,-16,-10,-1
2021-01-18,DA,4,24,11,-9,-20,12,-11,-12,1,-6
2021-01-19,AS,4,-2,-7,3,4,-2,-6,-2,-1,-7
2021-01-20,AU,5,-5,12,3,-3,10,4,5,-21,13
2021-01-21,DQ,8,-7,-7,-1,2,-10,0,-6,-10,4
2021-01-22,DI,-2,19,6,-7,-7,4,-9,6,10,21
2021-01-23,BI,-12,-4,-11,11,0,6,9,5,-7,-5
2021-01-24,BN,7,7,-3,-6,-17,1,0,17,-5,15
2021-01-25,CZ,-5,-2,5,16,-13,-9,-2,-15,-9,-9
2021-01-26,BG,14,11,5,24,13,-10,-6,0,-8,-4
2021-01-27,AH,-8,-2,1,-10,0,-3,-4,8,9,4
2021-01-28,BM,5,-20,6,-13,-6,1,-6,10,-11,-2
2021-01-29,AN,-11,-6,31,6,-1,-13,13,7,0,25
2021-01-30,BF,12,8,0,0,-8,10,1,-14,23,-2
2021-01-31,CV,0,-17,-8,23,-5,-4,-21,-12,8,-2
2021-02-01,BI,-4,-18,-5,0,0,1,-12,-9,-6,-1
2021-02-02,CI,22,0,2,-7,6,-1,10,6,16,-6
2021-02-03,BU,5,2,-2,-3,7,-11,2,0,-1,5
2021-02-04,AF,-4,-1,4,0,-7,4,0,2,-7,15
2021-02-05,AD,15,5,1,-19,1,4,-9,-11,-10,0
2021-02-06,DA,-9,8,-5,1,1,2,13,-3,9,7
2021-02-07,DS,-9,1,8,-9,5,0,9,-5,-22,3
2021-02-08,CV,1,-10,2,-16,-2,-6,10,5,14,18
2021-02-09,BN,-3,-7,-9,-5,14,-24,0,-4,-5,-6
2021-02-10,BM,9,12,11,1,10,-5,-10,8,12,0
2021-02-11,CI,-6,14,-21,-8,-5,-1,8,2,6,-2
2021-02-12,CL,-19,3,8,-7,16,-8,-4,-14,0,-5
2021-02-13,AJ,8,-7,6,-2,-5,-6,8,3,6,9
2021-02-14,AW,6,-12,18,11,3,0,2,-9,-15,8
2021-02-15,BV,-4,18,-9,3,0,10,-8,4,1,-6
2021-02-16,CA,-16,5,-17,-8,-8,0,-3,-3,-1,-8
2021-02-17,BB,3,2,3,-18,-4,18,-8,9,2,0
2021-02-18,DE,-1,10,13,-3,5,11,10,-9,-5,9
2021-02-19,BT,-3,28,7,0,-13,-11,-5,-3,18,-5
2021-02-20,BF,0,-1,10,-13,-24,1,12,2,-14,7
2021-02-21,CH,-1,2,-6,-1,0,5,-7,0,0,-8
2021-02-22,AQ,-1,16,10,-13,-2,-10,14,-2,-3,-5
2021-02-23,AO,6,3,10,4,-4,14,-2,-7,2,21
2021-02-24,DN,0,0,2,-8,0,18,-7,-18,16,18
2021-02-25,BX,-2,-16,4,3,-14,-11,0,2,1,15
2021-02-26,AM,-6,-5,10,10,-4,10,17,-11,13,-3
2021-02-27,DQ,-3,-6,4,8,6,-4,5,16,-1,-2
2021-02-28,CX,12,7,-2,0,-5,4,-2,-10,1,-1
2021-03-01,BY,-11,-1,-23,20,0,17,4,0,-14,-1
2021-03-02,AK,11,0,-9,0,4,-9,3,-3,-7,0
2021-03-03,DM,-12,-13,8,-17,-3,2,-4,3,5,10
2021-03-04,BZ,2,1,5,-3,-17,-9,-6,-2,15,0
2021-03-05,BK,-29,-17,6,-10,3,8,-8,7,3,-3
2021-03-06,CS,22,-8,7,-9,-7,-2,-2,-1,-10,-1
2021-03-07,AQ,-6,-5,-9,-13,10,10,3,-7,-20,-22
2021-03-08,CN,-8,-8,2,16,2,-2,7,-34,0,-2
2021-03-09,BA,4,-3,17,-8,13,0,-7,-5,-9,-8
2021-03-10,BC,-6,-14,0,-14,-1,-18,-5,0,-16,-9
2021-03-11,BL,1,6,-5,2,-26,-11,11,-7,8,11
2021-03-12,BE,-6,-2,16,12,-3,19,9,1,-2,-5
2021-03-13,BD,16,7,-13,-13,-13,-30,-1,13,-3,-14
2021-03-14,DU,10,3,12,22,-7,-11,4,5,1,5
2021-03-15,AN,5,2,5,5,11,-17,3,8,5,-2
2021-03-16,DA,13,-1,-5,12,19,4,0,8,0,-3
2021-03-17,AG,9,0,-18,-1,-5,0,-19,2,-9,-13
2021-03-18,DJ,0,15,-6,-5,0,0,3,7,11,22
2021-03-19,DQ,6,2,-4,0,2,2,-1,-2,9,4
2021-03-20,AW,-9,3,3,-2,-7,-7,7,-4,-5,-14
2021-03-21,BT,-7,21,9,-6,-3,7,-2,4,-1,-10
2021-03-22,CE,-20,11,2,13,7,-3,-1,12,1,3
2021-03-23,AX,3,15,-6,-5,-17,-5,20,2,-10,15
2021-03-24,CM,-6,3,18,0,3,-6,-9,0,28,-3
2021-03-25,BB,-12,11,4,0,10,7,5,1,-6,-15
2021-03-26,DO,3,7,-15,11,18,20,-1,17,15,-20
2021-03-27,CS,-4,0,-4,-3,-33,-19,-4,-12,-1,5
2021-03-28,AU,-1,-21,18,-1,-2,0,-5,-4,10,-7
2021-03-29,CR,10,14,-5,0,0,-2,-2,2,-4,-6
2021-03-30,CJ,-4,0,14,-10,0,2,6,-3,-14,5
2021-03-31,BH,-7,-9,24,-21,-6,-7,0,-11,4,-3
2021-04-01,CN,-10,3,-9,10,4,-13,6,-3,-6,15
2021-04-02,DP,9,1,8,-21,-1,5,-6,-2,7,-14
2021-04-03,DM,-12,-4,-16,2,0,-3,-17,0,-1,3
2021-04-04,DD,4,11,15,-19,5,-1,1,-6,21,10
2021-04-05,BE,-1,6,3,26,0,-4,0,5,-3,-2
2021-04-06,BH,-4,-8,2,20,-3,-4,12,-17,12,0
2021-04-07,CI,-2,6,5,-1,8,-15,-15,-6,-3,0
2021-04-08,AD,7,1,11,-2,0,19,0,6,10,-2
2021-04-09,AO,3,-16,2,11,-4,11,-13,-4,-3,1
2021-04-10,CS,2,2,-5,0,-18,-12,13,-12,-15,15
2021-04-11,CB,-11,-13,25,-7,14,0,-15,-9,-9,23
2021-04-12,BM,-18,-1,-9,2,3,0,3,-4,-5,-17
2021-04-13,DH,-26,-3,2,0,-14,3,-2,4,4,-25
2021-04-14,BX,-8,7,-9,0,5,-5,-3,-14,0,11
2021-04-15,CT,-11,-5,7,16,-2,11,-3,5,-1,7
2021-04-16,DF,-4,-3,5,2,-1,0,14,7,-1,-3
2021-04-17,CW,-2,-8,-5,-1,-18,-5,0,-13,12,3
2021-04-18,DT,3,-3,0,-3,5,-9,2,0,-15,9
2021-04-19,CI,-7,-8,12,3,-6,-1,0,-1,-7,8
2021-04-20,AK,-12,4,5,7,-5,4,-24,-2,11,3
2021-04-21,DJ,-13,-3,-1,1,-6,16,15,4,9,-24
2021-04-22,DC,-5,-9,9,-4,0,-5,7,-15,1,-5
2021-04-23,BN,-14,7,7,-11,6,12,1,-4,1,-2
2021-04-24,BK,8,7,-4,0,5,25,7,6,-14,0
2021-04-25,BV,-12,-4,-12,11,-7,2,-12,19,16,-9
2021-04-26,CS,-6,-2,0,-21,-19,-13,0,16,-1,8
2021-04-27,DO,9,9,10,8,-6,0,-10,-17,-9,7
2021-04-28,DV,13,3,11,9,-3,10,-25,0,6,0
2021-04-29,CK,-2,-7,-3,21,15,-8,4,-8,0,9
2021-04-30,DJ,0,-22,2,3,-12,-3,-1,10,0,2
2021-05-01,BO,11,-1,10,0,2,-4,1,0,-1,14
2021-05-02,DT,-9,-6,-20,8,-11,0,2,-16,3,-15
2021-05-03,BE,3,1,-11,20,17,18,-3,9,2,-14
2021-05-04,CN,-1,7,-11,6,-2,16,-3,16,-23,2
2021-05-05,DK,-8,0,12,2,15,5,14,21,-9,1
2021-05-06,CK,4,-16,2,-20,1,-2,-6,-5,2,12
2021-05-07,DJ,-21,-3,15,-15,4,4,6,0,-10,-2
2021-05-08,CR,-19,-9,3,4,-13,9,1,-13,4,15
2021-05-09,AA,1,19,-9,8,8,5,6,-11,7,-10
2021-05-10,BF,-8,-4,-5,-14,0,15,-18,9,-5,3
2021-05-11,CD,-6,2,12,-7,5,2,-13,14,6,-8
2021-05-12,AI,5,2,0,7,5,-19,-3,-7,-1,-2
2021-05-13,CP,2,-1,4,10,11,5,1,0,10,8
2021-05-14,BY,-2,8,0,3,5,7,-11,-4,1,8
2021-05-15,AC,-2,3,-24,-1,15,4,2,4,16,-10
2021-05-16,BE,18,-4,6,-10,0,9,-2,-14,1,0
2021-05-17,AQ,-7,-7,17,-14,8,-3,3,17,-10,2
2021-05-18,AS,14,-9,-28,7,-13,-5,4,-6,0,-8
2021-05-19,DQ,5,-7,3,9,6,16,0,-11,3,-5
2021-05-20,DU,5,0,18,0,5,13,-14,17,0,0
2021-05-21,BO,6,19,-6,0,1,-13,9,13,-17,-11
2021-05-22,AP,-10,10,0,-14,0,-6,-18,4,-10,-14
2021-05-23,AH,-17,-4,5,13,-7,10,6,-3,12,20
2021-05-24,CF,7,-4,15,3,-1,-1,-3,17,13,10
2021-05-25,BH,-5,0,16,-6,-10,-1,4,0,-15,5
2021-05-26,BB,-6,-9,-2,12,4,2,6,1,13,14
2021-05-27,BM,-4,-11,13,-8,8,-7,-2,-1,9,12
2021-05-28,AA,5,17,8,6,-5,0,-3,-12,-13,-1
2021-05-29,CP,7,16,3,23,0,13,-4,-6,18,10
2021-05-30,DC,-1,-9,-7,-1,0,9,-12,-8,-6,1
2021-05-31,AD,-1,19,-18,1,15,-4,-12,1,9,-7
2021-06-01,BB,6,2,12,-3,6,-17,9,5,11,-23
2021-06-02,BM,-13,1,16,8,-7,5,-8,10,-9,4
2021-06-03,BD,-1,11,3,-9,11,-12,7,4,15,-1
2021-06-04,DM,5,-11,11,4,-26,-8,13,12,-6,-3
2021-06-05,CL,15,11,0,-4,-1,4,13,8,7,-4
2021-06-06,CE,0,7,0,-15,-7,-7,11,7,7,-9
2021-06-07,DU,9,-5,4,23,11,-7,2,-19,8,-3
2021-06-08,CV,4,6,-1,-5,5,-22,6,-20,17,-6
2021-06-09,CD,-15,0,5,0,17,-3,5,12,-3,-4
2021-06-10,AN,10,24,8,-10,3,0,4,3,12,19
2021-06-11,AI,-23,-2,3,11,1,-5,6,24,-7,8
2021-06-12,DC,-7,13,-1,-11,-18,-10,10,1,7,-7
2021-06-13,DL,9,5,6,-2,-7,7,9,14,11,12
2021-06-14,CW,0,-14,-9,13,7,5,-17,-2,-25,-20
2021-06-15,AM,10,0,4,10,6,9,10,5,5,0
2021-06-16,BO,-8,3,5,1,6,3,2,-9,-8,6
2021-06-17,BE,3,-16,-11,-11,-8,0,-13,12,-1,0
2021-06-18,BC,0,7,4,2,9,11,0,-10,-1,-2
2021-06-19,BO,-5,-3,-6,-22,17,6,-7,1,0,-17
2021-06-20,BV,11,12,10,15,-1,-3,-6,-2,-8,-5
2021-06-21,BY,8,-10,-8,1,1,0,2,-3,9,-11
2021-06-22,CQ,-3,19,2,-9,6,-9,-2,1,1,-8
2021-06-23,CV,10,-3,-1,20,18,14,8,-3,-3,-4
2021-06-24,BU,2,3,-4,-5,7,-8,0,7,8,5
2021-06-25,AT,12,-11,-1,13,-3,-16,-5,0,6,0
2021-06-26,CF,8,-6,6,9,6,5,0,1,11,-2
2021-06-27,DR,-1,6,-6,8,3,-18,-8,4,-13,5
2021-06-28,DK,-2,-4,10,10,5,1,-5,-14,4,6
2021-06-29,AE,-3,-6,3,-7,9,-6,15,-2,22,-13
2021-06-30,CX,7,3,6,-5,16,-7,1,4,-16,4
2021-07-01,DG,4,2,4,16,-12,8,-9,-39,12,0
2021-07-02,AE,-1,11,-4,-8,5,3,-2,-7,5,-8
2021-07-03,CI,-2,-2,7,14,-15,-4,-8,10,20,-5
2021-07-04,BW,-4,0,-3,7,-6,3,17,-15,8,-6
2021-07-05,CF,-7,20,-14,7,-21,-1,12,21,-12,-9
2021-07-06,BX,-2,-6,13,-11,7,1,8,9,2,14
2021-07-07,DM,4,-18,-12,15,10,3,-2,0,-13,-1
2021-07-08,BO,7,5,-9,-18,21,0,2,14,-3,-1
2021-07-09,CP,-2,9,8,21,16,-2,0,-4,7,-11
2021-07-10,BJ,-4,-2,-1,-4,-11,22,-5,-12,9,13
2021-07-11,CM,4,7,11,-5,-7,7,2,8,-8,-7
2021-07-12,CX,5,-4,5,-1,-18,17,-10,10,-13,-9
2021-07-13,DK,-11,1,-7,-11,-11,6,18,-8,1,0
2021-07-14,BY,-12,2,0,0,-16,-1,-13,9,9,-19
2021-07-15,AS,-2,-9,4,1,17,-6,4,-7,12,24
2021-07-16,DU,2,7,-3,17,-3,1,-1,10,-7,0
2021-07-17,CL,5,-6,4,3,-1,-3,-10,0,2,6
2021-07-18,CH,-17,-21,11,-14,-10,-2,17,-16,-1,-10
2021-07-19,DE,-4,-7,8,-8,-8,-7,-7,-2,6,15
2021-07-20,BU,5,-2,-9,-8,-19,0,5,-8,-10,-9
2021-07-21,DB,4,3,12,-4,8,22,-6,12,-6,6
2021-07-22,CR,8,6,11,14,-3,-5,-12,-3,2,8
2021-07-23,CZ,16,-7,19,-19,-8,-3,7,14,3,-3
2021-07-24,CY,7,-2,-1,16,9,4,13,2,11,13
2021-07-25,DD,7,0,-2,-6,-7,-15,1,-7,0,4
2021-07-26,BU,6,-2,-10,0,-8,-10,-15,11,0,-14
2021-07-27,CW,-10,0,-3,0,-8,-1,2,-12,-5,-7
2021-07-28,CI,-12,-15,-3,-2,7,4,0,-16,0,6
2021-07-29,CM,-16,19,9,4,0,0,1,-1,-9,2
2021-07-30,CX,4,15,-13,2,9,10,1,1,-17,-5
2021-07-31,BH,3,-4,-7,9,-5,1,-7,0,-9,12
2021-08-01,BK,-5,6,-10,0,-12,8,16,2,23,5
2021-08-02,AL,1,1,-7,4,1,-7,5,-5,-7,-5
2021-08-03,DJ,0,0,0,-4,2,6,-2,0,24,16
2021-08-04,AP,-8,2,-8,3,-2,13,6,15,8,-11
2021-08-05,DL,13,-4,13,13,7,-5,0,-10,-4,8
2021-08-06,BY,-3,0,-2,0,9,8,-6,-14,-2,-7
2021-08-07,CX,-13,-11,-2,10,3,0,-15,-5,11,-18
2021-08-08,DB,-8,10,7,0,7,4,19,0,0,4
2021-08-09,BU,6,-2,13,-1,1,1,-4,-16,-1,5
2021-08-10,DC,-4,0,-10,-2,8,12,15,-8,0,-3
2021-08-11,BN,-2,15,-9,-12,-3,-10,15,9,7,7
2021-08-12,BP,3,12,-13,16,-1,13,2,5,20,-8
2021-08-13,DU,-3,-9,5,8,-9,0,-12,2,-1,-3
2021-08-14,CQ,-12,-4,0,9,-9,4,-10,25,-8,5
2021-08-15,CB,-1,8,-2,7,9,-2,-3,6,6,-13
2021-08-16,DI,5,10,0,14,4,1,18,0,-11,-9
2021-08-17,CP,0,-1,-2,8,0,-18,-4,-5,8,-12
2021-08-18,BE,28,-6,-7,3,0,1,6,4,-7,-7
2021-08-19,CE,-2,7,-9,18,-8,-11,5,-1,-1,-8
2021-08-20,CA,20,0,-7,10,-2,-11,-21,0,-2,-23
2021-08-21,CB,-11,5,4,-11,5,-11,-7,-4,0,0
2021-08-22,CO,11,0,5,-15,2,11,12,5,8,-9
2021-08-23,AP,-6,-10,0,-6,10,-3,8,1,-7,9
2021-08-24,DO,8,-5,6,-7,-5,20,9,17,6,6
2021-08-25,AF,-6,6,-9,3,-6,4,13,2,0,6
2021-08-26,CM,10,-3,-22,-9,-14,-1,5,-6,-8,-5
2021-08-27,AX,-11,18,1,9,13,-4,3,3,-6,9
2021-08-28,AA,0,-2,1,-10,-3,17,18,0,-6,-4
2021-08-29,AK,-9,10,6,10,2,7,-6,13,15,-27
2021-08-30,AA,12,-1,-2,-11,3,-19,12,4,-3,-22
2021-08-31,DJ,0,-5,16,7,-8,0,-3,-16,2,-2
2021-09-01,CS,0,16,13,3,-5,4,8,-6,21,11
2021-09-02,BU,1,-1,-15,-7,5,12,16,-7,1,7
2021-09-03,AI,12,18,5,7,13,0,-8,-3,-1,-18
2021-09-04,AF,-12,-4,0,-4,-5,14,-9,-3,0,-1
2021-09-05,BR,23,-4,-1,12,0,0,22,-6,7,6
2021-09-06,CB,3,3,-2,-8,-7,-12,11,-1,-7,9
2021-09-07,BM,-1,7,1,5,-2,0,18,-6,18,-2
2021-09-08,CM,-9,-27,-7,-18,-18,3,-18,1,3,-14
2021-09-09,BX,0,-7,-6,-4,6,1,-3,0,4,23
2021-09-10,CO,1,-12,13,-11,10,8,-3,-18,-12,-3
2021-09-11,BS,-4,3,14,17,3,-2,8,0,0,10
2021-09-12,DU,-14,9,9,4,12,9,17,-18,8,-4
2021-09-13,CX,-6,16,-1,18,0,-9,13,5,9,-7
2021-09-14,CJ,0,-17,11,2,-10,-20,18,18,10,0
2021-09-15,DN,-15,8,2,8,6,-7,-7,-12,9,-6
2021-09-16,BD,-3,10,0,0,7,-7,3,-12,0,8
2021-09-17,AW,4,3,8,1,13,11,7,0,8,-6
2021-09-18,CU,-4,3,8,4,3,1,15,18,3,12
2021-09-19,DV,-8,-17,-13,22,-5,19,13,-13,3,-8
2021-09-20,AG,-16,20,11,0,7,-8,-1,-4,2,5
2021-09-21,DH,6,16,-9,0,11,-16,-1,1,11,0
2021-09-22,AP,-3,-4,7,-12,2,6,-11,16,-6,6
2021-09-23,AP,-15,20,-6,12,-11,2,9,20,-9,0
2021-09-24,CC,4,4,-4,1,-5,-8,2,4,-6,1
2021-09-25,BP,1,-5,6,-2,8,8,6,7,-4,7
2021-09-26,BM,-13,4,-10,6,8,20,0,3,-8,21
2021-09-27,CO,-1,6,-18,8,6,0,17,-7,6,-2
2021-09-28,DP,0,-7,-10,4,-8,10,-4,3,-14,3
2021-09-29,BN,-1,2,-6,-6,-13,14,-8,3,2,13
2021-09-30,DS,-8,3,13,4,-16,0,8,-14,-17,13
2021-10-01,DF,15,3,14,-2,-4,-16,-9,-8,-9,-13
2021-10-02,BD,7,10,8,0,0,8,8,-3,0,-4
2021-10-03,CU,0,-1,-5,1,17,-15,11,-12,6,2
2021-10-04,AE,-7,-10,4,10,7,-7,-6,17,-8,19
2021-10-05,AY,9,5,-8,-2,0,-17,-7,0,2,13
2021-10-06,BK,6,22,0,15,-13,-22,4,-4,20,15
2021-10-07,CI,-4,-7,-4,1,0,8,-4,-7,-7,-4
2021-10-08,DC,-6,3,-6,-5,10,-1,10,-17,-3,2
2021-10-09,AA,8,-4,6,0,-13,3,-3,-7,-8,4
2021-10-10,DA,-4,12,-18,-1,15,2,2,0,2,2
2021-10-11,BU,24,-8,2,-5,10,10,7,-2,-8,-9
2021-10-12,CF,6,-1,7,16,7,22,-5,4,0,16
2021-10-13,CB,13,-14,9,-15,5,5,-7,-6,11,-5
2021-10-14,DR,6,20,6,1,0,-3,-9,-11,-14,7
2021-10-15,CG,-5,0,-8,-19,-5,13,0,-9,-2,3
2021-10-16,BF,-12,8,-9,3,-13,17,16,-2,-2,2
2021-10-17,BM,2,1,7,-4,-6,-7,-4,1,-4,-17
2021-10-18,DA,-14,6,-1,0,0,5,5,-5,2,23
2021-10-19,DN,-2,0,9,-6,-7,9,-10,9,-6,-3
2021-10-20,AW,-3,-13,-5,-3,4,-18,-1,0,-5,-7
2021-10-21,AA,7,13,-5,16,3,14,4,5,4,-7
2021-10-22,CW,-5,-1,-5,-3,14,12,14,0,4,-4
2021-10-23,DB,4,-18,1,10,17,6,6,-3,6,-19
2021-10-24,AA,3,12,3,-6,16,11,3,5,-8,-1
2021-10-25,CF,0,4,18,8,-7,-3,4,-6,2,9
2021-10-26,DG,0,24,-6,0,2,-15,16,-9,9,-3
2021-10-27,DC,-4,-1,-9,9,-16,-12,11,-11,0,-11
2021-10-28,BS,-7,-11,-8,16,-9,0,-5,7,-5,-5
2021-10-29,AW,-9,16,11,18,-20,0,11,0,0,10
2021-10-30,DF,-3,-12,1,-2,5,-2,3,-16,-1,3
2021-10-31,BS,-3,-11,1,7,-12,-3,1,8,-3,6
2021-11-01,AK,3,-6,-5,-7,8,1,6,6,5,14
2021-11-02,AV,-8,6,3,8,-3,1,-14,1,9,3
2021-11-03,AD,-6,11,-10,7,-6,-3,7,14,1,-15
2021-11-04,CL,7,-11,-8,8,3,13,1,0,0,-14
2021-11-05,DQ,-7,2,11,1,3,7,0,8,10,-3
2021-11-06,BE,0,-9,3,8,0,-11,-4,2,-6,4
2021-11-07,BR,-2,-11,16,7,-4,-6,0,3,2,1
2021-11-08,CX,0,-7,8,12,-2,5,-8,-1,0,-11
2021-11-09,CC,-1,-7,-10,-4,4,-2,-3,-6,8,14
2021-11-10,DF,-2,-1,7,-7,-1,7,-22,0,-6,10
2021-11-11,AU,7,7,13,11,5,18,-18,-5,9,-14
2021-11-12,CH,0,8,12,0,10,6,-13,-6,0,-2
2021-11-13,AJ,7,17,2,-2,-12,3,12,7,6,-4
2021-11-14,CW,-6,-18,-22,2,8,19,12,18,-2,-9
2021-11-15,AC,12,13,-9,-3,8,8,-20,9,4,-6
2021-11-16,AK,20,-18,5,1,11,-4,-11,5,-4,-2
2021-11-17,CH,2,7,0,6,-1,-4,1,-11,4,-4
2021-11-18,BZ,-3,15,0,5,-4,2,8,6,-1,0
2021-11-19,CT,-7,-7,1,19,-13,-3,-11,9,3,19
2021-11-20,BU,10,12,-14,-11,-6,6,9,-10,-1,-14
2021-11-21,BN,10,-14,-21,-16,3,-2,-8,0,15,11
2021-11-22,AK,-22,17,10,5,-10,-17,11,-20,-7,5
2021-11-23,DC,-16,16,-9,6,-25,-8,8,14,2,16
2021-11-24,AM,0,2,9,8,16,-14,4,10,11,12
2021-11-25,CS,9,7,11,6,1,-17,-2,8,-9,-8
2021-11-26,BY,-5,-8,14,3,0,1,14,-2,-14,-4
2021-11-27,DE,2,13,7,-22,13,-1,-2,6,-5,-1
2021-11-28,AZ,14,10,3,-13,10,13,-10,-4,-8,7
2021-11-29,BB,8,2,-2,-1,5,0,-4,-11,0,2
2021-11-30,DC,6,-10,1,-12,-5,-3,2,0,0,4
2021-12-01,BB,2,2,13,-21,-4,2,-16,-4,3,0
2021-12-02,AU,0,-15,-10,22,-5,-6,-7,1,6,3
2021-12-03,AB,4,-8,16,3,12,-16,-4,-16,-15,4
2021-12-04,CS,3,2,0,9,-9,0,-2,2,0,-3
2021-12-05,DQ,-18,3,-7,-24,-10,-5,-2,-1,-10,0
2021-12-06,CI,18,14,1,3,4,1,10,2,7,12
2021-12-07,AI,5,6,-12,2,9,21,-1,12,0,32
2021-12-08,CU,3,16,0,6,-10,-6,11,8,15,-7
2021-12-09,AZ,-13,0,-17,-29,1,-3,15,7,0,6
2021-12-10,BD,-3,-5,2,-9,14,0,1,-3,-3,1
2021-12-11,CL,7,-12,-9,1,0,1,3,-3,-22,14
2021-12-12,CF,0,-4,3,1,-10,1,8,15,0,9
2021-12-13,DU,9,-5,4,3,-7,10,-1,11,-1,-2
2021-12-14,CO,1,-3,-4,-2,-8,-2,16,11,19,9
2021-12-15,CP,-1,-2,19,11,-9,10,1,11,-9,0
2021-12-16,DD,11,3,-9,8,-10,0,10,18,-10,9
2021-12-17,AY,-17,-18,-10,17,-9,-27,-1,2,-11,-23
2021-12-18,BO,-6,3,2,-13,2,1,-6,3,4,3
2021-12-19,AA,-5,0,8,-3,0,18,9,26,12,10
2021-12-20,DI,14,5,5,7,-2,11,31,-18,-12,-10
2021-12-21,BW,-6,2,1,-18,7,0,-11,3,-1,0
2021-12-22,AJ,3,13,14,-6,12,0,11,5,9,0
2021-12-23,AD,11,-12,1,-4,-1,22,-4,0,14,-14
2021-12-24,DA,12,0,0,4,-15,-11,-9,0,-11,-2
2021-12-25,BQ,-12,-6,-7,6,5,29,-14,4,14,1
2021-12-26,AJ,16,-3,4,19,13,7,10,20,10,1
2021-12-27,BM,-6,-10,4,-3,-7,-9,0,-3,-9,18
2021-12-28,DD,8,13,-16,1,-4,-16,-7,0,-6,-10
2021-12-29,BQ,7,-14,-5,2,4,-11,15,5,-2,-12
2021-12-30,AP,-2,-1,3,-3,-3,17,3,-9,8,20
2021-12-31,DP,0,-17,12,-3,-6,2,0,3,4,-15
2022-01-01,AM,-2,-7,2,6,1,18,-8,-3,-7,-4
2022-01-02,DB,6,9,-14,15,9,6,21,4,-11,6
2022-01-03,AT,0,0,-1,2,11,-13,1,-5,5,8
2022-01-04,AX,0,0,6,-3,-2,-4,-10,8,-5,0
2022-01-05,DO,-15,0,1,-6,4,-1,-19,-12,-9,4
2022-01-06,BD,-13,-21,9,-8,-7,-7,-12,7,12,10
2022-01-07,CY,0,-20,5,10,-10,9,0,4,-1,3
2022-01-08,DJ,-14,5,-11,15,-6,-11,-16,11,10,-6
2022-01-09,DD,3,12,12,-5,-12,-7,-15,14,-2,1
2022-01-10,DU,3,10,0,-21,6,2,14,4,-14,0
2022-01-11,BV,12,-3,10,-9,11,3,4,-15,8,-19
2022-01-12,BG,-23,15,2,13,-5,16,1,-4,-3,-2
2022-01-13,BB,13,-14,10,8,5,0,2,-3,9,7
2022-01-14,CL,14,5,6,6,-3,-9,10,-8,13,0
2022-01-15,DT,9,3,11,23,9,10,11,-5,10,8
2022-01-16,DH,17,7,-16,0,6,-14,11,-22,-4,11
2022-01-17,CF,-4,-3,23,-9,3,1,12,5,1,-2
2022-01-18,CY,11,-9,13,8,-1,-5,-9,-1,14,-11
2022-01-19,AW,0,-14,4,6,-1,13,-18,-11,-10,8
2022-01-20,BN,-6,-9,4,5,-17,-4,2,4,-16,1
2022-01-21,BF,-9,3,-5,3,-12,-16,3,6,2,7
2022-01-22,AY,18,20,-6,-3,-13,-5,5,-6,4,3
2022-01-23,DG,3,33,-7,18,-2,11,-7,2,5,1
2022-01-24,BA,15,14,-10,0,-4,12,-15,23,-10,14
2022-01-25,CW,4,0,-10,-10,1,18,-8,14,15,13
2022-01-26,BP,10,-1,-5,5,6,7,-35,-11,2,-12
2022-01-27,AF,15,3,9,2,5,-8,-1,-7,0,15
2022-01-28,AC,1,5,-8,19,-12,25,-3,6,6,1
2022-01-29,DB,-4,0,-10,6,-5,-1,-3,-8,1,-25
2022-01-30,DS,-6,-9,-6,0,-13,-1,-9,-11,0,-4
2022-01-31,BD,-2,-2,4,-6,10,2,0,0,8,3
2022-02-01,BR,-18,12,-12,1,-1,1,0,-1,4,-15
2022-02-02,AO,7,-8,3,4,-1,-14,2,9,-8,-4
2022-02-03,AD,-2,14,6,3,14,-1,1,-2,-6,-4
2022-02-04,BC,10,-6,-2,-7,-7,14,3,0,-5,3
2022-02-05,BR,15,2,-4,9,-20,-24,-12,-4,16,-8
2022-02-06,AZ,3,11,-26,0,-10,0,-16,18,11,0
2022-02-07,CM,1,-3,-6,0,1,0,-6,-5,6,-3
2022-02-08,CE,-9,-8,3,-10,8,-8,-12,0,4,9
2022-02-09,AO,1,0,10,15,-2,8,-21,-14,0,-14
2022-02-10,DB,-19,5,6,-1,-14,1,-8,-14,-3,-1
2022-02-11,BY,7,0,5,-1,-11,4,5,-1,-31,9
2022-02-12,AK,0,8,2,13,-6,-9,4,-7,-10,-23
2022-02-13,CE,10,3,-6,9,0,-2,-11,-17,-9,-22
2022-02-14,DK,-10,3,-3,-6,7,1,11,6,-5,0
2022-02-15,AM,0,2,-21,24,-3,13,-1,13,-6,4
2022-02-16,CH,17,-5,1,-8,-6,13,-13,-11,-9,8
2022-02-17,CP,11,0,3,-4,0,8,-6,-2,1,0
2022-02-18,BO,-9,13,-16,0,12,-8,-5,16,-9,-13
2022-02-19,AZ,-26,3,-13,11,-13,12,0,1,33,7
2022-02-20,AB,0,-25,-3,10,-3,-5,5,0,-12,-10
2022-02-21,DH,5,2,13,-13,-7,-4,6,17,6,8
2022-02-22,BS,0,-3,-10,2,8,-2,3,4,-2,-5
2022-02-23,BC,5,-5,-4,-14,-6,-6,-1,-3,3,7
2022-02-24,BT,-18,-17,6,-18,2,-16,-5,-2,19,-9
2022-02-25,CH,3,-15,2,-17,-4,13,0,0,-1,-20
2022-02-26,DV,-4,18,9,0,13,2,-11,8,-5,6
2022-02-27,AV,18,13,10,5,-13,9,-12,-2,10,11
2022-02-28,BP,0,11,18,4,13,-6,0,9,-9,7
2022-03-01,DI,-24,18,10,-5,2,2,20,-11,6,-12
2022-03-02,DI,6,16,13,0,-3,8,7,3,-1,-4
2022-03-03,CO,1,9,-2,-1,-8,-4,-8,1,-4,8
2022-03-04,CD,-4,-2,0,14,2,5,2,8,-14,-1
2022-03-05,BA,-1,6,4,-3,11,0,-3,9,-7,-1
2022-03-06,DI,10,0,-2,8,-5,-3,-20,8,9,0
2022-03-07,BK,-8,-24,0,-2,-2,8,4,3,-10,11
2022-03-08,CQ,-3,-12,1,-13,8,-10,10,-10,1,-1
2022-03-09,BV,15,-3,13,14,-10,13,11,-12,2,0
2022-03-10,BF,2,14,13,-5,2,-2,-12,0,0,-12
2022-03-11,AU,8,-6,0,-7,-18,2,10,0,8,13
2022-03-12,DQ,15,7,3,2,-16,15,4,3,-8,4
2022-03-13,DT,3,6,-1,13,-10,3,-8,4,-9,1
2022-03-14,DS,-10,-14,0,-11,3,-2,0,-16,3,14
2022-03-15,BI,-14,-4,0,-8,-7,1,-5,2,-8,18
2022-03-16,BS,-2,-3,-5,2,-7,-11,-3,-4,0,6
2022-03-17,CE,-3,-2,16,-6,-14,-20,8,0,10,0
2022-03-18,BP,9,-8,3,0,3,-7,0,8,7,5
2022-03-19,BF,-11,-17,7,11,4,-5,2,-2,-1,23
2022-03-20,BC,5,7,-11,-3,-9,-1,-2,-4,-2,-1
2022-03-21,DV,-1,-2,-3,-7,1,-23,0,4,-5,-1
2022-03-22,CC,-1,-13,-3,3,-8,3,-5,10,10,-6
2022-03-23,CY,7,-6,-12,2,0,3,6,-15,-4,2
2022-03-24,BE,-3,2,18,-5,-7,-7,-1,-4,0,-4
2022-03-25,BH,3,9,6,-22,-2,-9,-11,-4,-17,3
2022-03-26,AW,-12,0,6,-8,0,-8,3,10,-8,4
2022-03-27,BE,-8,8,-1,3,12,2,-4,-10,-1,-6
2022-03-28,BW,8,6,-3,3,-4,7,-16,-14,15,6
2022-03-29,CL,-9,-16,-1,-19,-7,2,-1,8,-14,11
2022-03-30,AX,3,16,0,-5,0,17,0,5,0,-21
2022-03-31,DC,5,10,-2,4,11,5,9,11,-1,16
2022-04-01,BB,18,0,-6,6,-19,12,7,5,2,8
2022-04-02,AP,-7,-9,15,-8,5,-2,0,-4,-25,7
2022-04-03,CP,7,-2,-1,-7,-15,-4,-2,14,6,4
2022-04-04,AN,0,0,-2,0,2,6,-5,-17,-8,12
2022-04-05,BK,10,0,-10,2,-6,-5,-3,1,-11,8
2022-04-06,BI,5,9,7,1,-1,-5,-14,0,8,1
2022-04-07,AC,-18,-1,1,4,17,1,-4,-2,0,8
2022-04-08,DF,0,5,-15,-16,10,-7,-8,5,0,25
2022-04-09,DD,-3,21,17,1,14,-10,-6,4,1,-8
2022-04-10,DD,-2,-8,24,-12,-2,-15,15,-2,19,19
2022-04-11,DJ,14,-10,-6,-7,-1,5,-3,-13,0,-12
2022-04-12,BM,4,1,-6,2,0,0,-19,15,12,-3
2022-04-13,BE,13,-5,-4,-13,3,2,-1,22,2,13
2022-04-14,DN,2,-1,6,2,-5,-18,5,9,-8,6
2022-04-15,AM,8,2,6,-12,-13,-3,10,14,13,-1
2022-04-16,CM,1,2,26,-4,9,18,-2,-15,4,-16
2022-04-17,AM,3,-7,-6,12,9,6,7,-1,6,2
2022-04-18,DQ,-1,2,-1,-2,6,-14,-6,-11,-2,8
2022-04-19,CK,-17,-10,-1,-5,-3,11,3,-3,7,-15
2022-04-20,CY,2,-2,-5,-1,-4,9,7,2,11,-1
2022-04-21,AK,9,5,8,-14,11,-9,3,-7,-5,-3
2022-04-22,AA,8,-6,12,2,-17,6,0,25,-8,-8
2022-04-23,AZ,-5,-12,3,9,1,7,5,1,-10,-8
2022-04-24,BU,0,5,14,0,7,9,-11,-4,0,28
2022-04-25,DN,2,-8,17,-5,-5,2,-6,0,9,-11
2022-04-26,DI,-6,-6,-2,-8,-4,0,14,-3,6,17
2022-04-27,DG,4,1,17,3,5,3,-4,8,-16,13
2022-04-28,DT,15,-7,-6,0,-4,0,4,16,-2,-9
2022-04-29,DA,0,4,-5,11,-3,13,29,15,-17,-8
2022-04-30,AS,-9,-5,-12,-21,-8,-3,12,6,12,-11
2022-05-01,DL,8,5,11,10,2,-2,-9,-14,-5,-33
2022-05-02,AU,8,5,2,-13,-16,-3,13,-15,1,-7
2022-05-03,CR,7,18,1,10,8,19,1,5,0,-6
2022-05-04,AQ,0,-11,-6,4,13,7,6,-18,-10,0
2022-05-05,DC,9,-6,-6,0,-3,-4,-11,12,1,9
2022-05-06,BM,2,-1,0,9,-10,0,0,14,-14,4
2022-05-07,BO,8,-13,-17,2,4,-1,-3,7,14,-7
2022-05-08,BX,7,0,-11,-11,6,-9,14,19,0,10
2022-05-09,CZ,-19,17,25,-20,11,2,3,0,1,-8
2022-05-10,CE,-7,7,-2,1,7,8,23,-8,15,-4
2022-05-11,AL,-9,-8,7,-5,-21,-13,7,-15,-11,-2
2022-05-12,BI,-6,0,0,3,-14,0,-1,12,-1,-6
2022-05-13,BH,-9,-8,-14,9,-7,8,-1,6,-7,6
2022-05-14,AY,3,13,0,11,19,-1,-6,7,-9,-6
2022-05-15,CP,14,-1,0,-15,17,19,-14,2,-19,-1
2022-05-16,CN,2,7,5,4,-4,27,-4,4,-8,9
2022-05-17,CT,-12,6,-1,1,-22,6,-18,4,-6,8
2022-05-18,AA,10,-2,2,-11,13,-13,12,-7,-2,-14
2022-05-19,CB,-2,0,5,0,23,-11,-3,-8,-20,10
2022-05-20,BS,-5,4,10,-15,7,8,-1,-22,6,-15
2022-05-21,AY,4,1,-9,8,5,20,1,-12,2,2
2022-05-22,DB,-2,4,-13,-11,18,-3,-6,-1,3,14
2022-05-23,CY,-1,0,9,4,7,-11,11,0,-3,-2
2022-05-24,BF,-6,-12,0,-4,-13,-25,-2,-9,1,-6
2022-05-25,BX,6,13,9,-6,-12,8,1,-19,3,4
2022-05-26,CI,6,-2,-3,4,12,4,0,-4,4,4
2022-05-27,DC,-11,4,-6,-16,-2,16,-13,25,-1,18
2022-05-28,DS,1,7,-2,4,-3,-15,19,6,1,14
2022-05-29,CH,2,10,-2,-4,2,-27,-1,-1,-11,-15
2022-05-30,DR,-5,7,-7,8,3,-4,20,-11,4,-8
2022-05-31,AH,8,0,-11,11,-3,6,3,-9,4,15
2022-06-01,BK,-6,11,-23,5,-17,2,7,-8,8,-6
2022-06-02,CG,-9,-5,21,16,-13,-1,-11,8,-9,11
2022-06-03,BZ,0,-3,15,13,4,2,10,16,-5,3
2022-06-04,AK,17,8,-2,-3,8,18,0,-2,-3,-15
2022-06-05,BK,-16,10,-10,9,-1,16,0,0,5,19
2022-06-06,AO,3,12,-5,-15,-9,-13,1,3,8,-6
2022-06-07,CP,5,12,-8,-3,2,12,23,-11,-9,-6
2022-06-08,AG,-11,18,-9,-13,-1,8,-2,3,9,9
2022-06-09,DK,13,12,13,-10,0,15,1,18,9,1
2022-06-10,CM,6,-2,9,16,7,16,-6,9,6,-9
2022-06-11,BW,8,10,7,-14,-8,3,-2,10,-7,6
2022-06-12,BK,-3,-14,-17,-7,0,5,-4,-7,10,-10
2022-06-13,AE,-2,22,-13,-20,-8,7,8,6,-2,7
2022-06-14,BD,2,18,5,-13,-8,15,8,-1,1,-3
2022-06-15,DP,9,11,13,5,4,-14,9,-2,-11,-3
2022-06-16,CL,-13,-7,-1,-3,-11,-13,-19,6,6,3
2022-06-17,DE,13,13,0,-13,10,11,0,-6,0,-14
2022-06-18,BC,-3,2,-14,-1,-6,2,-6,-14,1,14
2022-06-19,AM,-8,2,-14,10,-15,-5,14,-10,-11,-1
2022-06-20,CB,16,17,-3,17,6,8,12,-1,-7,1
2022-06-21,BI,-4,4,-9,-1,1,-12,-5,0,-9,-18
2022-06-22,AQ,-4,-16,-2,-8,-21,6,-2,11,12,-3
2022-06-23,DT,13,-14,2,1,-4,-3,-12,6,4,-11
2022-06-24,AO,-7,0,4,8,-11,-9,13,-7,20,-2
2022-06-25,AN,-15,0,1,-21,-21,1,-16,2,11,0
2022-06-26,CV,-10,6,-4,8,4,3,13,19,7,0
2022-06-27,DE,-4,0,-3,0,17,-6,18,0,-1,4
2022-06-28,BD,-11,-6,6,4,-20,10,0,-13,9,12
2022-06-29,AI,5,11,11,4,2,-3,15,9,-15,-1
2022-06-30,BP,4,0,-4,-8,18,15,-16,21,-4,-12
2022-07-01,DV,6,4,0,8,-6,13,-4,8,8,9
2022-07-02,CX,1,-10,-13,2,-13,-7,-6,-7,6,10
2022-07-03,CH,3,-10,25,-12,-25,-8,-5,-9,-3,-5
2022-07-04,DM,-1,-1,9,11,9,9,3,-4,-23,0
2022-07-05,AZ,-4,-6,-2,2,10,-2,18,13,5,22
2022-07-06,DP,17,-5,0,-2,7,10,-13,9,-5,5
2022-07-07,BK,9,2,-4,0,-16,-3,-5,3,2,4
2022-07-08,AW,-17,12,-1,2,7,10,-14,7,-3,6
2022-07-09,BT,-17,7,0,-2,-13,13,15,7,-7,0
2022-07-10,BL,0,12,-1,1,-11,1,3,-5,7,-13
2022-07-11,CV,4,-6,20,10,24,-14,-5,10,-15,-6
2022-07-12,BU,-15,-17,-5,-2,8,7,2,-5,-9,-12
2022-07-13,DN,11,-17,-7,12,3,0,-12,-11,-5,9
2022-07-14,CX,-1,-1,11,-8,-13,8,13,-9,8,-15
2022-07-15,BX,-4,-8,-12,-4,-7,-2,8,-4,14,-1
2022-07-16,CI,9,16,5,-2,-7,0,0,-1,5,-6
2022-07-17,DF,-9,-3,-1,5,15,2,4,-6,1,1
2022-07-18,AB,16,9,-1,-5,-11,-3,-5,-2,-7,-2
2022-07-19,BT,-6,-16,12,-10,10,-9,13,7,-6,-18
2022-07-20,CV,-8,8,8,-17,-6,8,-1,13,8,3
2022-07-21,AS,-4,9,-4,3,-7,-6,-5,4,0,2
2022-07-22,AE,-9,-18,11,14,0,0,-12,-9,8,7
2022-07-23,BJ,-5,6,13,-1,13,10,6,0,-5,-10
2022-07-24,CQ,11,-5,5,-2,2,-4,-1,6,-15,7
2022-07-25,DE,-4,12,16,-1,-1,-1,-13,-7,-5,-1
2022-07-26,BL,-4,2,-8,11,-3,-3,-9,3,3,-3
2022-07-27,CF,9,-12,7,-7,0,1,-17,14,5,0
2022-07-28,CS,-1,8,5,11,3,-22,0,4,-2,-14
2022-07-29,CM,9,-9,9,-5,2,4,-3,-15,1,-1
2022-07-30,BV,2,15,-9,9,1,-14,-11,8,-1,1
2022-07-31,AN,-6,-4,9,-9,0,-20,-4,8,0,-5
2022-08-01,AN,6,5,8,9,-19,9,-8,-11,13,11
2022-08-02,BB,6,-1,8,3,16,6,-10,0,3,10
2022-08-03,CO,18,5,-13,0,4,8,-5,-10,4,17
2022-08-04,CC,14,-7,6,15,0,-11,7,6,7,8
2022-08-05,CL,-7,-5,-1,12,3,-13,21,-7,-3,7
2022-08-06,CP,2,-12,-4,12,19,-11,14,-13,-10,-5
2022-08-07,DS,0,14,-1,8,-9,3,0,5,14,8
2022-08-08,DI,14,-13,0,-1,4,-7,-3,0,-4,-16
2022-08-09,CL,5,13,-4,-13,-18,-5,-4,0,-4,0
2022-08-10,AV,14,5,8,-11,0,11,2,0,2,4
2022-08-11,CC,15,1,0,0,1,-2,4,6,9,-4
2022-08-12,BH,14,-2,-3,-12,-6,-12,-4,3,1,-6
2022-08-13,AJ,-9,0,-6,16,-1,-5,-13,0,-13,-19
2022-08-14,DA,-10,-15,-12,7,-1,12,-13,-2,-2,-1
2022-08-15,AU,0,11,-6,4,0,0,-8,-11,0,-1
2022-08-16,DU,-3,1,0,10,9,-1,4,2,0,10
2022-08-17,DU,1,-12,0,-4,5,6,-14,-8,-20,-1
2022-08-18,AT,-1,-22,0,-2,14,-13,5,0,0,2
2022-08-19,AE,4,6,5,6,-7,-1,-16,3,5,0
2022-08-20,CK,-14,-5,-11,9,4,-1,-5,8,-4,-2
2022-08-21,AB,4,-7,5,-2,3,-7,-17,-1,3,23
2022-08-22,BC,-16,0,1,3,-19,6,5,0,0,-4
2022-08-23,CT,-28,-8,-12,-21,-17,4,-12,18,8,4
2022-08-24,CE,13,17,0,8,-2,9,10,19,1,-7
2022-08-25,AD,-6,2,2,20,-5,0,3,-5,-7,-10
2022-08-26,CJ,2,4,-13,16,-10,-13,-23,9,-10,-5
2022-08-27,CJ,12,9,0,3,3,9,21,-10,-8,-27
2022-08-28,CE,-2,-4,-9,-22,-11,8,-1,3,-8,41
2022-08-29,DH,-2,-9,10,-5,-3,2,8,21,11,0
2022-08-30,BW,-3,3,-3,6,11,-9,-9,-21,-10,-6
2022-08-31,DO,7,-3,8,6,3,26,-3,1,3,0
2022-09-01,AP,2,-6,-9,5,1,-5,1,-2,-5,20
2022-09-02,AW,6,20,13,-11,1,10,-20,24,13,0
2022-09-03,BF,3,7,-2,3,10,-8,-8,-9,10,4
2022-09-04,CE,2,-4,-2,-4,-4,4,2,0,7,-3
2022-09-05,DB,6,0,0,3,-6,-9,0,-3,-14,-9
2022-09-06,AF,-4,4,3,4,6,-6,8,-34,-6,-1
2022-09-07,BD,6,5,-19,-3,6,-2,-7,-32,-8,-5
2022-09-08,CP,-8,-14,6,-6,-12,-4,12,-2,-24,-11
2022-09-09,CM,-7,-15,16,-11,1,8,2,1,10,0
2022-09-10,CH,-3,18,-8,2,16,13,-10,5,-3,11
2022-09-11,DE,9,4,-12,-8,4,4,-7,-4,11,22
2022-09-12,CY,3,-9,-2,-6,3,0,0,-4,1,-7
2022-09-13,BB,-14,-1,-13,7,-11,-13,-4,2,8,-11
2022-09-14,CI,-1,-16,-1,-1,22,-3,9,5,-5,-3
2022-09-15,AW,-21,-3,-7,-5,20,3,-1,-12,12,0
2022-09-16,CH,-2,7,-18,-23,-7,5,-5,5,-6,11
2022-09-17,AU,12,20,4,-1,-1,-2,-13,-7,-7,-3
2022-09-18,BA,-12,-4,13,-5,24,-20,0,-2,39,7
2022-09-19,BS,1,-15,-4,-2,1,-18,2,-26,-18,-14
2022-09-20,CQ,2,8,-7,14,-11,-8,-7,9,0,8
2022-09-21,BW,-7,-6,0,-1,-2,6,19,-5,15,8
2022-09-22,AD,-6,3,-6,0,0,10,8,1,9,0
2022-09-23,BV,-2,10,9,-7,-9,11,4,4,11,-1
2022-09-24,BE,-1,7,2,-1,-13,-8,5,-8,0,0
2022-09-25,DS,-7,-5,11,0,0,9,-10,1,12,-27
2022-09-26,BM,4,-2,-3,10,-2,9,11,9,0,-6
